start time,region,arch,state,workflow,function 1 runtime (ms),function 2 runtime (ms),function 3 runtime (ms),total runtime (ms)
21-12-10 12:04,us-west-2,x86,cold,0,184345,179749,400418,764512
21-12-10 12:17,us-west-2,x86,cold,1,182374,176017,395336,753727
21-12-10 12:30,us-west-2,x86,cold,2,178664,179536,426156,784356
21-12-10 12:43,us-west-2,x86,cold,3,180436,176967,374339,731742
21-12-10 12:56,us-west-2,x86,cold,4,180162,178220,377950,736332
21-12-10 13:08,us-west-2,x86,cold,5,179337,178895,484320,842552
21-12-10 13:22,us-west-2,x86,cold,6,180263,173065,388166,741494
21-12-10 13:35,us-west-2,x86,cold,7,181027,181882,384605,747514
21-12-10 13:48,us-west-2,x86,cold,8,183661,176133,381734,741528
21-12-10 14:00,us-west-2,x86,cold,9,182424,177364,432930,792718
21-12-10 14:13,us-west-2,x86,cold,10,185629,181266,395999,762894
21-12-10 14:26,us-west-2,x86,cold,11,182549,181191,429950,793690
21-12-10 14:40,us-west-2,x86,cold,12,186238,182689,400546,769473
21-12-10 14:53,us-west-2,x86,cold,13,182928,176860,405579,765367
21-12-10 15:06,us-west-2,x86,cold,14,178912,178405,448768,806085
21-12-10 15:19,us-west-2,x86,cold,15,179338,176297,366656,722291
21-12-10 15:32,us-west-2,x86,cold,16,179065,178697,421256,779018
21-12-10 15:45,us-west-2,x86,cold,17,181811,176847,419110,777768
21-12-10 15:58,us-west-2,x86,cold,18,179593,180914,408333,768840
21-12-10 16:11,us-west-2,x86,cold,19,181077,177854,422934,781865
21-12-10 16:24,us-west-2,x86,cold,20,184375,179733,489726,853834
21-12-10 16:38,us-west-2,x86,cold,21,185686,173943,467333,826962
21-12-10 16:52,us-west-2,x86,cold,22,179706,176601,477367,833674
21-12-10 17:07,us-west-2,x86,cold,23,187572,182359,436454,806385
21-12-10 17:20,us-west-2,x86,cold,24,188200,177465,492754,858419
21-12-10 17:35,us-west-2,x86,cold,25,185849,182330,471829,840008
21-12-10 17:49,us-west-2,x86,cold,26,183872,180408,425079,789359
21-12-10 18:02,us-west-2,x86,cold,27,179443,178933,396883,755259
21-12-10 18:15,us-west-2,x86,cold,28,188023,178475,481931,848429
21-12-10 18:29,us-west-2,x86,cold,29,179890,176644,436233,792767
21-12-10 18:43,us-west-2,x86,cold,30,182785,173994,349906,706685
21-12-10 18:55,us-west-2,x86,cold,31,179117,186377,492436,857930
21-12-10 19:09,us-west-2,x86,cold,32,184014,180024,424457,788495
21-12-10 19:22,us-west-2,x86,cold,33,182011,179591,431207,792809
21-12-10 19:36,us-west-2,x86,cold,34,179654,182385,420614,782653
21-12-10 19:49,us-west-2,x86,cold,35,184484,179476,415710,779670
21-12-10 20:02,us-west-2,x86,cold,36,186760,177472,443286,807518
21-12-10 20:16,us-west-2,x86,cold,37,181497,180028,481250,842775
21-12-10 20:30,us-west-2,x86,cold,38,185238,179261,399156,763655
21-12-10 20:43,us-west-2,x86,cold,39,186120,174401,460312,820833
21-12-10 20:57,us-west-2,x86,cold,40,183101,177205,467519,827825
21-12-10 21:11,us-west-2,x86,cold,41,188117,182734,452026,822877
21-12-10 21:25,us-west-2,x86,cold,42,182756,179875,522298,884929
21-12-10 21:40,us-west-2,x86,cold,43,179783,180013,494905,854701
21-12-10 21:54,us-west-2,x86,cold,44,180435,182678,434907,798020
21-12-10 22:08,us-west-2,x86,cold,45,185685,179312,433335,798332
21-12-10 22:21,us-west-2,x86,cold,46,185588,179967,477208,842763
21-12-10 22:35,us-west-2,x86,cold,47,184839,178058,494763,857660
21-12-10 22:50,us-west-2,x86,cold,48,179758,180519,479675,839952
21-12-10 23:04,us-west-2,x86,cold,49,178824,176208,441954,796986
21-12-10 23:18,us-west-2,x86,cold,50,179917,172861,365269,718047
21-12-10 23:30,us-west-2,x86,cold,51,178575,179285,480130,837990
21-12-10 23:44,us-west-2,x86,cold,52,188694,172992,450023,811709
21-12-10 23:58,us-west-2,x86,cold,53,181867,178737,431691,792295
21-12-11 00:11,us-west-2,x86,cold,54,185118,178911,435832,799861
21-12-11 00:25,us-west-2,x86,cold,55,180689,182166,437620,800475
21-12-11 00:38,us-west-2,x86,cold,56,184342,183191,403653,771186
21-12-11 00:51,us-west-2,x86,cold,57,177761,178206,419879,775846
21-12-11 01:04,us-west-2,x86,cold,58,178798,178466,459303,816567
21-12-11 01:18,us-west-2,x86,cold,59,186531,177241,387331,751103
21-12-11 01:31,us-west-2,x86,cold,60,178048,178065,427251,783364
21-12-11 01:44,us-west-2,x86,cold,61,181557,175558,472749,829864
21-12-11 01:58,us-west-2,x86,cold,62,179095,180550,492728,852373
21-12-11 02:12,us-west-2,x86,cold,63,183651,174051,394214,751916
21-12-11 02:25,us-west-2,x86,cold,64,182331,173099,409983,765413
21-12-11 02:38,us-west-2,x86,cold,65,181642,174757,462734,819133
21-12-11 02:52,us-west-2,x86,cold,66,178030,181364,415467,774861
21-12-11 03:05,us-west-2,x86,cold,67,183593,177169,384383,745145
21-12-11 03:18,us-west-2,x86,cold,68,178897,178468,465892,823257
21-12-11 03:31,us-west-2,x86,cold,69,184181,173897,400866,758944
21-12-11 03:44,us-west-2,x86,cold,70,177510,179011,319779,676300
21-12-11 03:56,us-west-2,x86,cold,71,180337,175589,423244,779170
21-12-11 04:09,us-west-2,x86,cold,72,179404,180358,421416,781178
21-12-11 04:22,us-west-2,x86,cold,73,179844,177444,469081,826369
21-12-11 04:36,us-west-2,x86,cold,74,181896,170549,382101,734546
21-12-11 04:48,us-west-2,x86,cold,75,183734,175279,394505,753518
21-12-11 05:01,us-west-2,x86,cold,76,179728,175632,451552,806912
21-12-11 05:15,us-west-2,x86,cold,77,177224,179881,395306,752411
21-12-11 05:27,us-west-2,x86,cold,78,182353,173250,379188,734791
21-12-11 05:40,us-west-2,x86,cold,79,183729,175307,347254,706290
21-12-11 05:52,us-west-2,x86,cold,80,182204,182556,387897,752657
21-12-11 06:05,us-west-2,x86,cold,81,181169,176858,317947,675974
21-12-11 06:16,us-west-2,x86,cold,82,179392,182153,417762,779307
21-12-11 06:29,us-west-2,x86,cold,83,179208,176186,344824,700218
21-12-11 06:41,us-west-2,x86,cold,84,183133,176597,420618,780348
21-12-11 06:54,us-west-2,x86,cold,85,183272,180900,404987,769159
21-12-11 07:07,us-west-2,x86,cold,86,184217,178809,408920,771946
21-12-11 07:20,us-west-2,x86,cold,87,180484,173480,424779,778743
21-12-11 07:33,us-west-2,x86,cold,88,185711,174003,396517,756231
21-12-11 07:46,us-west-2,x86,cold,89,179312,176619,400386,756317
21-12-11 07:59,us-west-2,x86,cold,90,178520,176944,473717,829181
21-12-11 08:13,us-west-2,x86,cold,91,182388,182636,383370,748394
21-12-11 08:26,us-west-2,x86,cold,92,180214,153768,381634,715616
21-12-11 08:38,us-west-2,x86,cold,93,184527,177404,432453,794384
21-12-11 08:51,us-west-2,x86,cold,94,184364,191132,407600,783096
21-12-11 09:04,us-west-2,x86,cold,95,183432,180257,400866,764555
21-12-11 09:17,us-west-2,x86,cold,96,180200,177850,373292,731342
21-12-11 09:29,us-west-2,x86,cold,97,183929,182569,375596,742094
21-12-11 09:42,us-west-2,x86,cold,98,182568,174846,450981,808395
21-12-11 09:56,us-west-2,x86,cold,99,182280,177128,405880,765288
21-12-11 10:09,us-west-2,x86,cold,100,180413,175391,403636,759440
21-12-11 10:21,us-west-2,x86,cold,101,179033,171422,358386,708841
21-12-11 10:33,us-west-2,x86,cold,102,179230,175485,497980,852695
21-12-11 10:48,us-west-2,x86,cold,103,182917,175434,324612,682963
21-12-11 10:59,us-west-2,x86,cold,104,188158,177405,414880,780443
21-12-11 11:13,us-west-2,x86,cold,105,179723,181425,428186,789334
21-12-11 11:26,us-west-2,x86,cold,106,181963,179965,479096,841024
21-12-11 11:40,us-west-2,x86,cold,107,181395,180494,472497,834386
21-12-11 11:54,us-west-2,x86,cold,108,183686,178239,374406,736331
21-12-11 12:07,us-west-2,x86,cold,109,182850,175555,415012,773417
21-12-11 12:20,us-west-2,x86,cold,110,183051,187906,387632,758589
21-12-11 12:32,us-west-2,x86,cold,111,170232,174834,367041,712107
21-12-11 12:44,us-west-2,x86,cold,112,183189,178164,420772,782125
21-12-11 12:58,us-west-2,x86,cold,113,183115,175417,352419,710951
21-12-11 13:10,us-west-2,x86,cold,114,187036,175690,396727,759453
21-12-11 13:23,us-west-2,x86,cold,115,172132,175503,383326,730961
21-12-11 13:35,us-west-2,x86,cold,116,183580,178374,380939,742893
21-12-11 13:47,us-west-2,x86,cold,117,181112,175543,399869,756524
21-12-11 14:00,us-west-2,x86,cold,118,178609,177415,410220,766244
21-12-11 14:13,us-west-2,x86,cold,119,181982,179145,314302,675429
21-12-11 14:25,us-west-2,x86,cold,120,178815,180979,346478,706272
21-12-11 14:37,us-west-2,x86,cold,121,179935,181314,388920,750169
21-12-11 14:49,us-west-2,x86,cold,122,177493,175199,462224,814916
21-12-11 15:03,us-west-2,x86,cold,123,180886,175897,483434,840217
21-12-11 15:17,us-west-2,x86,cold,124,185757,178792,433006,797555
21-12-11 15:31,us-west-2,x86,cold,125,181861,177695,394264,753820
21-12-11 15:43,us-west-2,x86,cold,126,193455,175604,427039,796098
21-12-11 15:57,us-west-2,x86,cold,127,183250,179771,411766,774787
21-12-11 16:10,us-west-2,x86,cold,128,180875,180865,428102,789842
21-12-11 16:23,us-west-2,x86,cold,129,178703,172754,454154,805611
21-12-11 16:37,us-west-2,x86,cold,130,182429,166075,459925,808429
21-12-11 16:50,us-west-2,x86,cold,131,182904,176279,393935,753118
21-12-11 17:03,us-west-2,x86,cold,132,182501,176119,401159,759779
21-12-11 17:16,us-west-2,x86,cold,133,178634,178386,365054,722074
21-12-11 17:28,us-west-2,x86,cold,134,178153,180224,407250,765627
21-12-11 17:41,us-west-2,x86,cold,135,181599,185690,484205,851494
21-12-11 17:55,us-west-2,x86,cold,136,180293,176073,417582,773948
21-12-11 18:09,us-west-2,x86,cold,137,183755,177452,421570,782777
21-12-11 18:22,us-west-2,x86,cold,138,181115,174843,360616,716574
21-12-11 18:34,us-west-2,x86,cold,139,180465,177579,429844,787888
21-12-11 18:47,us-west-2,x86,cold,140,186450,178250,386139,750839
21-12-11 19:00,us-west-2,x86,cold,141,182131,177521,395129,754781
21-12-10 12:04,us-west-2,x86,warm,0,178999,171471,385286,735756
21-12-10 12:17,us-west-2,x86,warm,1,174495,170510,379383,724388
21-12-10 12:29,us-west-2,x86,warm,2,,173087,380521,553608
21-12-10 12:41,us-west-2,x86,warm,3,175882,169653,392038,737573
21-12-10 12:53,us-west-2,x86,warm,4,,176816,388324,565140
21-12-10 13:06,us-west-2,x86,warm,5,176959,172442,394562,743963
21-12-10 13:18,us-west-2,x86,warm,6,,181318,395759,577077
21-12-10 13:31,us-west-2,x86,warm,7,178917,175019,410368,764304
21-12-10 13:44,us-west-2,x86,warm,8,,174160,403906,578066
21-12-10 13:56,us-west-2,x86,warm,9,181399,179961,482803,844163
21-12-10 14:10,us-west-2,x86,warm,10,178372,178293,487441,844106
21-12-10 14:24,us-west-2,x86,warm,11,,179233,477257,656490
21-12-10 14:38,us-west-2,x86,warm,12,182830,175476,473254,831560
21-12-10 14:52,us-west-2,x86,warm,13,,180477,471563,652040
21-12-10 15:06,us-west-2,x86,warm,14,182511,176070,484526,843107
21-12-10 15:20,us-west-2,x86,warm,15,,175163,449302,624465
21-12-10 15:34,us-west-2,x86,warm,16,180267,175601,424723,780591
21-12-10 15:47,us-west-2,x86,warm,17,184574,177307,487006,848887
21-12-10 16:01,us-west-2,x86,warm,18,178938,179074,464097,822109
21-12-10 16:15,us-west-2,x86,warm,19,,177907,461347,639254
21-12-10 16:28,us-west-2,x86,warm,20,178463,175503,438912,792878
21-12-10 16:42,us-west-2,x86,warm,21,,178751,429221,607972
21-12-10 16:55,us-west-2,x86,warm,22,182509,175504,413228,771241
21-12-10 17:08,us-west-2,x86,warm,23,177379,174318,402571,754268
21-12-10 17:20,us-west-2,x86,warm,24,,172267,417766,590033
21-12-10 17:33,us-west-2,x86,warm,25,178935,172602,446405,797942
21-12-10 17:46,us-west-2,x86,warm,26,,176207,418074,594281
21-12-10 17:59,us-west-2,x86,warm,27,180042,174129,437612,791783
21-12-10 18:13,us-west-2,x86,warm,28,,174263,400843,575106
21-12-10 18:25,us-west-2,x86,warm,29,179374,177902,427204,784480
21-12-10 18:38,us-west-2,x86,warm,30,,187284,486199,673483
21-12-10 18:53,us-west-2,x86,warm,31,178399,172869,428054,779322
21-12-10 19:06,us-west-2,x86,warm,32,179187,177109,412318,768614
21-12-10 19:18,us-west-2,x86,warm,33,,173599,407919,581518
21-12-10 19:31,us-west-2,x86,warm,34,183085,174470,420899,778454
21-12-10 19:44,us-west-2,x86,warm,35,,176299,401698,577997
21-12-10 19:57,us-west-2,x86,warm,36,175582,175796,416575,767953
21-12-10 20:10,us-west-2,x86,warm,37,,178404,486869,665273
21-12-10 20:24,us-west-2,x86,warm,38,184062,176774,500113,860949
21-12-10 20:38,us-west-2,x86,warm,39,,176461,483810,660271
21-12-10 20:52,us-west-2,x86,warm,40,180088,171544,447297,798929
21-12-10 21:06,us-west-2,x86,warm,41,175316,176442,438826,790584
21-12-10 21:19,us-west-2,x86,warm,42,,177144,426398,603542
21-12-10 21:32,us-west-2,x86,warm,43,179443,178134,452990,810567
21-12-10 21:45,us-west-2,x86,warm,44,,174643,447086,621729
21-12-10 21:59,us-west-2,x86,warm,45,176673,174920,458428,810021
21-12-10 22:12,us-west-2,x86,warm,46,,175642,445020,620662
21-12-10 22:26,us-west-2,x86,warm,47,177815,178344,426126,782285
21-12-10 22:39,us-west-2,x86,warm,48,,178655,421444,600099
21-12-10 22:52,us-west-2,x86,warm,49,184597,180092,447715,812404
21-12-10 23:05,us-west-2,x86,warm,50,182231,179817,445455,807503
21-12-10 23:19,us-west-2,x86,warm,51,,178968,448331,627299
21-12-10 23:32,us-west-2,x86,warm,52,182077,179872,444209,806158
21-12-10 23:46,us-west-2,x86,warm,53,,177299,461314,638613
21-12-10 23:59,us-west-2,x86,warm,54,181589,179334,451289,812212
21-12-11 00:13,us-west-2,x86,warm,55,,177547,451182,628729
21-12-11 00:27,us-west-2,x86,warm,56,182200,179371,440529,802100
21-12-11 00:40,us-west-2,x86,warm,57,,181133,440743,621876
21-12-11 00:53,us-west-2,x86,warm,58,184074,176036,460825,820935
21-12-11 01:07,us-west-2,x86,warm,59,,188825,435773,624598
21-12-11 01:21,us-west-2,x86,warm,60,181286,188346,420823,790455
21-12-11 01:34,us-west-2,x86,warm,61,,174335,404353,578688
21-12-11 01:47,us-west-2,x86,warm,62,181484,175279,397539,754302
21-12-11 01:59,us-west-2,x86,warm,63,,177078,401619,578697
21-12-11 02:12,us-west-2,x86,warm,64,178452,179268,399562,757282
21-12-11 02:24,us-west-2,x86,warm,65,,177460,416657,594117
21-12-11 02:37,us-west-2,x86,warm,66,181982,176719,466734,825435
21-12-11 02:51,us-west-2,x86,warm,67,181694,174208,477320,833222
21-12-11 03:05,us-west-2,x86,warm,68,,178757,453282,632039
21-12-11 03:19,us-west-2,x86,warm,69,183652,173540,444068,801260
21-12-11 03:32,us-west-2,x86,warm,70,,174382,427279,601661
21-12-11 03:45,us-west-2,x86,warm,71,179090,172107,420156,771353
21-12-11 03:58,us-west-2,x86,warm,72,,177073,422104,599177
21-12-11 04:11,us-west-2,x86,warm,73,178838,174784,436747,790369
21-12-11 04:24,us-west-2,x86,warm,74,,176729,420851,597580
21-12-11 04:37,us-west-2,x86,warm,75,185307,177002,448827,811136
21-12-11 04:51,us-west-2,x86,warm,76,,178463,439388,617851
21-12-11 05:04,us-west-2,x86,warm,77,178617,176841,447741,803199
21-12-11 05:18,us-west-2,x86,warm,78,,179669,430110,609779
21-12-11 05:31,us-west-2,x86,warm,79,181657,178474,418428,778559
21-12-11 05:44,us-west-2,x86,warm,80,,178086,394080,572166
21-12-11 05:56,us-west-2,x86,warm,81,176764,175957,405051,757772
21-12-11 06:09,us-west-2,x86,warm,82,,178160,425249,603409
21-12-11 06:22,us-west-2,x86,warm,83,181353,178273,434824,794450
21-12-11 06:35,us-west-2,x86,warm,84,,179259,408736,587995
21-12-11 06:48,us-west-2,x86,warm,85,183277,175737,384158,743172
21-12-11 07:01,us-west-2,x86,warm,86,179631,175729,393761,749121
21-12-11 07:13,us-west-2,x86,warm,87,,174382,391148,565530
21-12-11 07:26,us-west-2,x86,warm,88,180213,176483,383551,740247
21-12-11 07:38,us-west-2,x86,warm,89,,178170,370986,549156
21-12-11 07:50,us-west-2,x86,warm,90,177688,174595,386023,738306
21-12-11 08:03,us-west-2,x86,warm,91,,177222,377384,554606
21-12-11 08:15,us-west-2,x86,warm,92,179300,174484,394262,748046
21-12-11 08:27,us-west-2,x86,warm,93,,178497,393212,571709
21-12-11 08:40,us-west-2,x86,warm,94,178967,171139,398907,749013
21-12-11 08:52,us-west-2,x86,warm,95,,179239,404142,583381
21-12-11 09:05,us-west-2,x86,warm,96,175489,185670,404923,766082
21-12-11 09:18,us-west-2,x86,warm,97,,179422,391302,570724
21-12-11 09:30,us-west-2,x86,warm,98,186117,177962,416051,780130
21-12-11 09:43,us-west-2,x86,warm,99,,171696,378105,549801
21-12-11 09:56,us-west-2,x86,warm,100,178896,171733,365832,716461
21-12-11 10:08,us-west-2,x86,warm,101,,176397,353491,529888
21-12-11 10:20,us-west-2,x86,warm,102,181104,175958,428566,785628
21-12-11 10:33,us-west-2,x86,warm,103,176981,178773,423776,779530
21-12-11 10:46,us-west-2,x86,warm,104,,173775,420401,594176
21-12-11 10:59,us-west-2,x86,warm,105,177094,175428,467421,819943
21-12-11 11:12,us-west-2,x86,warm,106,,176664,472915,649579
21-12-11 11:26,us-west-2,x86,warm,107,180209,174174,477876,832259
21-12-11 11:40,us-west-2,x86,warm,108,,175976,463687,639663
21-12-11 11:54,us-west-2,x86,warm,109,180319,175899,395601,751819
21-12-11 12:06,us-west-2,x86,warm,110,182422,171193,394181,747796
21-12-11 12:19,us-west-2,x86,warm,111,178122,170500,412951,761573
21-12-11 12:32,us-west-2,x86,warm,112,,177181,407307,584488
21-12-11 12:44,us-west-2,x86,warm,113,180841,173800,406136,760777
21-12-11 12:57,us-west-2,x86,warm,114,,178667,423427,602094
21-12-11 13:10,us-west-2,x86,warm,115,180511,176561,511633,868705
21-12-11 13:25,us-west-2,x86,warm,116,,182154,427989,610143
21-12-11 13:38,us-west-2,x86,warm,117,182240,180006,417167,779413
21-12-11 13:51,us-west-2,x86,warm,118,,180690,446490,627180
21-12-11 14:04,us-west-2,x86,warm,119,182818,175555,432567,790940
21-12-11 14:18,us-west-2,x86,warm,120,181434,174194,407525,763153
21-12-11 14:30,us-west-2,x86,warm,121,180531,178398,409589,768518
21-12-11 14:43,us-west-2,x86,warm,122,,178137,406631,584768
21-12-11 14:56,us-west-2,x86,warm,123,182459,180346,433555,796360
21-12-11 15:09,us-west-2,x86,warm,124,,180449,416056,596505
21-12-11 15:22,us-west-2,x86,warm,125,179314,175944,418051,773309
21-12-11 15:35,us-west-2,x86,warm,126,,179734,423197,602931
21-12-11 15:48,us-west-2,x86,warm,127,181787,172584,404525,758896
21-12-11 16:01,us-west-2,x86,warm,128,,176458,403124,579582
21-12-11 16:14,us-west-2,x86,warm,129,179375,175750,406992,762117
21-12-11 16:26,us-west-2,x86,warm,130,,179906,400884,580790
21-12-11 16:39,us-west-2,x86,warm,131,176923,176581,394244,747748
21-12-11 16:52,us-west-2,x86,warm,132,,178929,398831,577760
21-12-11 17:04,us-west-2,x86,warm,133,181947,180613,422912,785472
21-12-11 17:17,us-west-2,x86,warm,134,,177676,390779,568455
21-12-11 17:30,us-west-2,x86,warm,135,183620,176645,401822,762087
21-12-11 17:43,us-west-2,x86,warm,136,,177558,399418,576976
21-12-11 17:55,us-west-2,x86,warm,137,181105,178084,416249,775438
21-12-11 18:08,us-west-2,x86,warm,138,181588,179397,433601,794586
21-12-11 18:22,us-west-2,x86,warm,139,176872,180657,440389,797918
21-12-11 18:35,us-west-2,x86,warm,140,,175878,429493,605371
21-12-11 18:48,us-west-2,x86,warm,141,179867,176149,436591,792607
21-12-11 19:01,us-west-2,x86,warm,142,,176573,435997,612570
21-12-10 06:11,us-east-2,arm,cold,0,160789,209896,359898,730583
21-12-10 06:23,us-east-2,arm,cold,1,161460,213487,358722,733669
21-12-10 06:36,us-east-2,arm,cold,2,161615,208969,362022,732606
21-12-10 06:48,us-east-2,arm,cold,3,161693,210365,359569,731627
21-12-10 07:00,us-east-2,arm,cold,4,161604,212670,358716,732990
21-12-10 07:13,us-east-2,arm,cold,5,161252,213178,363608,738038
21-12-10 07:25,us-east-2,arm,cold,6,161215,211735,362760,735710
21-12-10 07:37,us-east-2,arm,cold,7,161138,210874,367215,739227
21-12-10 07:50,us-east-2,arm,cold,8,160605,211664,361847,734116
21-12-10 08:02,us-east-2,arm,cold,9,160291,210405,350937,721633
21-12-10 08:14,us-east-2,arm,cold,10,160212,214016,365204,739432
21-12-10 08:27,us-east-2,arm,cold,11,159964,212100,362881,734945
21-12-10 08:39,us-east-2,arm,cold,12,160585,213295,360377,734257
21-12-10 08:52,us-east-2,arm,cold,13,161769,213436,362136,737341
21-12-10 09:04,us-east-2,arm,cold,14,161879,216229,364768,742876
21-12-10 09:17,us-east-2,arm,cold,15,161045,211745,368216,741006
21-12-10 09:29,us-east-2,arm,cold,16,160258,211819,360872,732949
21-12-10 09:42,us-east-2,arm,cold,17,160980,211573,353157,725710
21-12-10 09:54,us-east-2,arm,cold,18,160343,211829,352683,724855
21-12-10 10:06,us-east-2,arm,cold,19,160277,213529,357014,730820
21-12-10 10:18,us-east-2,arm,cold,20,161558,212177,342875,716610
21-12-10 10:30,us-east-2,arm,cold,21,161348,216073,363166,740587
21-12-10 10:43,us-east-2,arm,cold,22,160328,210331,356655,727314
21-12-10 11:04,us-east-2,arm,cold,23,161181,212235,369010,742426
21-12-10 11:17,us-east-2,arm,cold,24,160915,210922,353576,725413
21-12-10 11:29,us-east-2,arm,cold,25,161766,211837,348199,721802
21-12-10 11:41,us-east-2,arm,cold,26,161411,208657,352571,722639
21-12-10 11:53,us-east-2,arm,cold,27,161354,214769,361715,737838
21-12-10 12:06,us-east-2,arm,cold,28,161107,208664,351209,720980
21-12-10 12:18,us-east-2,arm,cold,29,159954,213871,369349,743174
21-12-10 12:31,us-east-2,arm,cold,30,160447,207914,356629,724990
21-12-10 12:43,us-east-2,arm,cold,31,160673,210306,363565,734544
21-12-10 12:55,us-east-2,arm,cold,32,161052,208689,359180,728921
21-12-10 13:08,us-east-2,arm,cold,33,160762,215351,339651,715764
21-12-10 13:20,us-east-2,arm,cold,34,161237,215783,364262,741282
21-12-10 13:32,us-east-2,arm,cold,35,160453,209751,359869,730073
21-12-10 13:44,us-east-2,arm,cold,36,160224,208814,357209,726247
21-12-10 13:57,us-east-2,arm,cold,37,161417,211359,359127,731903
21-12-10 14:09,us-east-2,arm,cold,38,159828,212599,364742,737169
21-12-10 14:21,us-east-2,arm,cold,39,160547,206163,371139,737849
21-12-10 14:34,us-east-2,arm,cold,40,161178,210220,371845,743243
21-12-10 14:46,us-east-2,arm,cold,41,161832,211038,363549,736419
21-12-10 14:59,us-east-2,arm,cold,42,158689,212088,367783,738560
21-12-10 15:11,us-east-2,arm,cold,43,161407,214160,354766,730333
21-12-10 15:24,us-east-2,arm,cold,44,161194,212294,371191,744679
21-12-10 15:36,us-east-2,arm,cold,45,161281,210270,366443,737994
21-12-10 15:49,us-east-2,arm,cold,46,162260,213780,359001,735041
21-12-10 16:01,us-east-2,arm,cold,47,161205,211102,366525,738832
21-12-10 16:13,us-east-2,arm,cold,48,160286,217952,339346,717584
21-12-10 16:26,us-east-2,arm,cold,49,162762,214883,351985,729630
21-12-10 16:38,us-east-2,arm,cold,50,160407,209238,336126,705771
21-12-10 16:50,us-east-2,arm,cold,51,160988,212872,367066,740926
21-12-10 17:02,us-east-2,arm,cold,52,160921,210909,351883,723713
21-12-10 17:15,us-east-2,arm,cold,53,161182,212524,377961,751667
21-12-10 17:27,us-east-2,arm,cold,54,160940,213588,358925,733453
21-12-10 17:40,us-east-2,arm,cold,55,160917,214880,350008,725805
21-12-10 17:52,us-east-2,arm,cold,56,160991,213662,348083,722736
21-12-10 18:04,us-east-2,arm,cold,57,161250,213309,354037,728596
21-12-10 18:16,us-east-2,arm,cold,58,162523,212608,358517,733648
21-12-10 18:29,us-east-2,arm,cold,59,160325,206354,361660,728339
21-12-10 18:41,us-east-2,arm,cold,60,161607,210798,370017,742422
21-12-10 18:53,us-east-2,arm,cold,61,160551,210920,360706,732177
21-12-10 19:06,us-east-2,arm,cold,62,160110,213689,368792,742591
21-12-10 19:18,us-east-2,arm,cold,63,161295,213047,358961,733303
21-12-10 19:31,us-east-2,arm,cold,64,161991,209837,366817,738645
21-12-10 19:43,us-east-2,arm,cold,65,162264,211893,373336,747493
21-12-10 19:56,us-east-2,arm,cold,66,161390,211607,359090,732087
21-12-10 20:08,us-east-2,arm,cold,67,159617,212146,367646,739409
21-12-10 20:21,us-east-2,arm,cold,68,160815,213993,365543,740351
21-12-10 20:33,us-east-2,arm,cold,69,160114,211901,330500,702515
21-12-10 20:45,us-east-2,arm,cold,70,160015,206193,356873,723081
21-12-10 20:57,us-east-2,arm,cold,71,160757,209761,360666,731184
21-12-10 21:10,us-east-2,arm,cold,72,161668,212149,369788,743605
21-12-10 21:22,us-east-2,arm,cold,73,160345,211868,353279,725492
21-12-10 21:34,us-east-2,arm,cold,74,161364,210399,365688,737451
21-12-10 21:47,us-east-2,arm,cold,75,161072,214000,373857,748929
21-12-10 21:59,us-east-2,arm,cold,76,160455,212345,355238,728038
21-12-10 22:12,us-east-2,arm,cold,77,160842,215806,353848,730496
21-12-10 22:24,us-east-2,arm,cold,78,161304,212933,355478,729715
21-12-10 22:36,us-east-2,arm,cold,79,161616,208864,355001,725481
21-12-10 22:49,us-east-2,arm,cold,80,160988,210699,362590,734277
21-12-10 23:01,us-east-2,arm,cold,81,161569,216723,370440,748732
21-12-10 23:14,us-east-2,arm,cold,82,161126,212379,364625,738130
21-12-10 23:26,us-east-2,arm,cold,83,161425,213441,361117,735983
21-12-10 23:38,us-east-2,arm,cold,84,161183,207339,367972,736494
21-12-10 23:51,us-east-2,arm,cold,85,161211,212334,365428,738973
21-12-11 00:03,us-east-2,arm,cold,86,162324,210409,366161,738894
21-12-11 00:16,us-east-2,arm,cold,87,161902,212285,369744,743931
21-12-11 00:28,us-east-2,arm,cold,88,159911,206942,357396,724249
21-12-11 00:41,us-east-2,arm,cold,89,160893,212203,338699,711795
21-12-11 00:53,us-east-2,arm,cold,90,160812,213131,361918,735861
21-12-11 01:05,us-east-2,arm,cold,91,161259,212496,356470,730225
21-12-11 01:17,us-east-2,arm,cold,92,161035,211869,354164,727068
21-12-11 01:30,us-east-2,arm,cold,93,161487,214348,367775,743610
21-12-11 01:42,us-east-2,arm,cold,94,161055,211912,359531,732498
21-12-11 01:54,us-east-2,arm,cold,95,161609,209374,352734,723717
21-12-11 02:07,us-east-2,arm,cold,96,161942,213319,366148,741409
21-12-11 02:19,us-east-2,arm,cold,97,160680,207871,368262,736813
21-12-11 02:32,us-east-2,arm,cold,98,161481,218239,368971,748691
21-12-11 02:44,us-east-2,arm,cold,99,159682,214746,365457,739885
21-12-11 02:57,us-east-2,arm,cold,100,162402,210638,367996,741036
21-12-11 03:09,us-east-2,arm,cold,101,161180,213433,359713,734326
21-12-11 03:22,us-east-2,arm,cold,102,161085,210842,360867,732794
21-12-11 03:34,us-east-2,arm,cold,103,161471,214867,353068,729406
21-12-11 03:46,us-east-2,arm,cold,104,160347,209629,373950,743926
21-12-11 03:59,us-east-2,arm,cold,105,160703,206157,368496,735356
21-12-11 04:11,us-east-2,arm,cold,106,162262,213212,358669,734143
21-12-11 04:24,us-east-2,arm,cold,107,160501,213289,369626,743416
21-12-11 04:36,us-east-2,arm,cold,108,160988,214199,354979,730166
21-12-11 04:48,us-east-2,arm,cold,109,161110,212092,357140,730342
21-12-11 05:01,us-east-2,arm,cold,110,161261,215795,339954,717010
21-12-11 05:13,us-east-2,arm,cold,111,162246,210382,369533,742161
21-12-11 05:25,us-east-2,arm,cold,112,161355,211237,365051,737643
21-12-11 05:38,us-east-2,arm,cold,113,160755,216605,353694,731054
21-12-11 05:50,us-east-2,arm,cold,114,160896,207887,370121,738904
21-12-11 06:03,us-east-2,arm,cold,115,160241,214280,367063,741584
21-12-11 06:15,us-east-2,arm,cold,116,159414,212032,354108,725554
21-12-11 06:27,us-east-2,arm,cold,117,161373,213660,370222,745255
21-12-11 06:40,us-east-2,arm,cold,118,161630,212975,340994,715599
21-12-11 06:52,us-east-2,arm,cold,119,161538,212142,368024,741704
21-12-11 07:05,us-east-2,arm,cold,120,159987,218297,354528,732812
21-12-11 07:17,us-east-2,arm,cold,121,161342,211694,372205,745241
21-12-11 07:29,us-east-2,arm,cold,122,161434,215078,369218,745730
21-12-11 07:42,us-east-2,arm,cold,123,162373,209753,365431,737557
21-12-11 07:54,us-east-2,arm,cold,124,161402,212708,360958,735068
21-12-11 08:07,us-east-2,arm,cold,125,160876,211204,346726,718806
21-12-11 08:19,us-east-2,arm,cold,126,161184,213030,364845,739059
21-12-11 08:31,us-east-2,arm,cold,127,160757,210594,358070,729421
21-12-11 08:44,us-east-2,arm,cold,128,160360,208772,352707,721839
21-12-11 08:56,us-east-2,arm,cold,129,160589,210607,363261,734457
21-12-11 09:08,us-east-2,arm,cold,130,161345,210474,367001,738820
21-12-11 09:21,us-east-2,arm,cold,131,160963,214455,366122,741540
21-12-11 09:33,us-east-2,arm,cold,132,162386,210183,375538,748107
21-12-11 09:46,us-east-2,arm,cold,133,160360,212924,363636,736920
21-12-11 09:58,us-east-2,arm,cold,134,160325,211467,362150,733942
21-12-11 10:11,us-east-2,arm,cold,135,160232,210951,349368,720551
21-12-11 10:23,us-east-2,arm,cold,136,161433,212880,338930,713243
21-12-11 10:35,us-east-2,arm,cold,137,161304,206729,358506,726539
21-12-11 10:47,us-east-2,arm,cold,138,161831,207495,360959,730285
21-12-11 10:59,us-east-2,arm,cold,139,161357,209201,372497,743055
21-12-11 11:12,us-east-2,arm,cold,140,161614,212884,374923,749421
21-12-11 11:25,us-east-2,arm,cold,141,159263,210340,362362,731965
21-12-11 11:37,us-east-2,arm,cold,142,161204,207719,340151,709074
21-12-11 11:49,us-east-2,arm,cold,143,160922,207787,362692,731401
21-12-11 12:01,us-east-2,arm,cold,144,163459,212354,363077,738890
21-12-11 12:14,us-east-2,arm,cold,145,161228,210753,367707,739688
21-12-11 12:26,us-east-2,arm,cold,146,161061,204580,362441,728082
21-12-11 12:39,us-east-2,arm,cold,147,162200,211761,363114,737075
21-12-11 12:51,us-east-2,arm,cold,148,161245,209980,360601,731826
21-12-11 13:03,us-east-2,arm,cold,149,161547,215255,363943,740745
21-12-11 13:16,us-east-2,arm,cold,150,161638,213503,370567,745708
21-12-11 13:28,us-east-2,arm,cold,151,161389,208796,364616,734801
21-12-11 13:41,us-east-2,arm,cold,152,160736,216502,365729,742967
21-12-11 13:53,us-east-2,arm,cold,153,161211,212355,371081,744647
21-12-11 14:06,us-east-2,arm,cold,154,161749,212434,375477,749660
21-12-11 14:18,us-east-2,arm,cold,155,161403,213005,352201,726609
21-12-11 14:31,us-east-2,arm,cold,156,161881,220125,365102,747108
21-12-11 14:43,us-east-2,arm,cold,157,160503,212606,348407,721516
21-12-11 14:56,us-east-2,arm,cold,158,161848,213454,361683,736985
21-12-11 15:08,us-east-2,arm,cold,159,161179,216769,349244,727192
21-12-11 15:20,us-east-2,arm,cold,160,161346,213520,322704,697570
21-12-11 15:32,us-east-2,arm,cold,161,161595,215117,371762,748474
21-12-11 15:45,us-east-2,arm,cold,162,161054,212947,336901,710902
21-12-11 15:57,us-east-2,arm,cold,163,161464,212804,367472,741740
21-12-11 16:09,us-east-2,arm,cold,164,161434,212094,366878,740406
21-12-11 16:22,us-east-2,arm,cold,165,160125,210369,368028,738522
21-12-11 16:34,us-east-2,arm,cold,166,160149,208928,361828,730905
21-12-11 16:46,us-east-2,arm,cold,167,162239,217106,369685,749030
21-12-11 16:59,us-east-2,arm,cold,168,161918,208739,368451,739108
21-12-11 17:11,us-east-2,arm,cold,169,162060,213993,357151,733204
21-12-11 17:24,us-east-2,arm,cold,170,160133,208629,365346,734108
21-12-11 17:36,us-east-2,arm,cold,171,159413,208686,370872,738971
21-12-11 17:49,us-east-2,arm,cold,172,160356,212038,360568,732962
21-12-11 18:01,us-east-2,arm,cold,173,161020,220213,357777,739010
21-12-11 18:14,us-east-2,arm,cold,174,160393,211395,338487,710275
21-12-11 18:26,us-east-2,arm,cold,175,162652,210674,353779,727105
21-12-11 18:38,us-east-2,arm,cold,176,160596,208140,342583,711319
21-12-11 18:50,us-east-2,arm,cold,177,161147,209715,357380,728242
21-12-11 19:02,us-east-2,arm,cold,178,160244,210030,358298,728572
21-12-10 06:11,us-east-2,arm,warm,0,161734,210090,372852,744676
21-12-10 06:23,us-east-2,arm,warm,1,158129,212676,356529,727334
21-12-10 06:35,us-east-2,arm,warm,2,,207633,376764,584397
21-12-10 06:48,us-east-2,arm,warm,3,159061,206130,377611,742802
21-12-10 07:00,us-east-2,arm,warm,4,160921,211214,367750,739885
21-12-10 07:13,us-east-2,arm,warm,5,159260,214467,375312,749039
21-12-10 07:25,us-east-2,arm,warm,6,,215499,366326,581825
21-12-10 07:37,us-east-2,arm,warm,7,157414,214568,365105,737087
21-12-10 07:50,us-east-2,arm,warm,8,,210768,363735,574503
21-12-10 08:02,us-east-2,arm,warm,9,158548,210475,355853,724876
21-12-10 08:14,us-east-2,arm,warm,10,,207762,366877,574639
21-12-10 08:26,us-east-2,arm,warm,11,158260,211165,381369,750794
21-12-10 08:39,us-east-2,arm,warm,12,,209294,360948,570242
21-12-10 08:51,us-east-2,arm,warm,13,158544,209156,365952,733652
21-12-10 09:03,us-east-2,arm,warm,14,162321,210084,363398,735803
21-12-10 09:16,us-east-2,arm,warm,15,159203,206657,354776,720636
21-12-10 09:28,us-east-2,arm,warm,16,,216904,353275,570179
21-12-10 09:40,us-east-2,arm,warm,17,158268,211293,365349,734910
21-12-10 09:52,us-east-2,arm,warm,18,,212819,357682,570501
21-12-10 10:04,us-east-2,arm,warm,19,157202,213010,381820,752032
21-12-10 10:17,us-east-2,arm,warm,20,,213258,354950,568208
21-12-10 10:29,us-east-2,arm,warm,21,158141,215953,372278,746372
21-12-10 10:41,us-east-2,arm,warm,22,,210506,362605,573111
21-12-10 11:04,us-east-2,arm,warm,23,158886,209417,353223,721526
21-12-10 11:16,us-east-2,arm,warm,24,160915,215004,374363,750282
21-12-10 11:29,us-east-2,arm,warm,25,158067,212174,379937,750178
21-12-10 11:41,us-east-2,arm,warm,26,,208551,366162,574713
21-12-10 11:54,us-east-2,arm,warm,27,157710,210165,378057,745932
21-12-10 12:06,us-east-2,arm,warm,28,,211281,373607,584888
21-12-10 12:18,us-east-2,arm,warm,29,158002,209183,380440,747625
21-12-10 12:31,us-east-2,arm,warm,30,,210742,367574,578316
21-12-10 12:43,us-east-2,arm,warm,31,158046,211381,347057,716484
21-12-10 12:55,us-east-2,arm,warm,32,,211110,364474,575584
21-12-10 13:07,us-east-2,arm,warm,33,161004,213104,372737,746845
21-12-10 13:20,us-east-2,arm,warm,34,160928,212170,395202,768300
21-12-10 13:33,us-east-2,arm,warm,35,,213095,377195,590290
21-12-10 13:45,us-east-2,arm,warm,36,159199,212833,380889,752921
21-12-10 13:58,us-east-2,arm,warm,37,,212645,378920,591565
21-12-10 14:10,us-east-2,arm,warm,38,158989,210092,386026,755107
21-12-10 14:23,us-east-2,arm,warm,39,,209446,375006,584452
21-12-10 14:36,us-east-2,arm,warm,40,158503,208504,388045,755052
21-12-10 14:48,us-east-2,arm,warm,41,,210397,372453,582850
21-12-10 15:00,us-east-2,arm,warm,42,158825,209482,369054,737361
21-12-10 15:13,us-east-2,arm,warm,43,161172,207166,363051,731389
21-12-10 15:25,us-east-2,arm,warm,44,157608,209174,373566,740348
21-12-10 15:37,us-east-2,arm,warm,45,,207705,352469,560174
21-12-10 15:49,us-east-2,arm,warm,46,158445,208115,365644,732204
21-12-10 16:02,us-east-2,arm,warm,47,,212958,361665,574623
21-12-10 16:14,us-east-2,arm,warm,48,158509,208659,376764,743932
21-12-10 16:26,us-east-2,arm,warm,49,,212624,365637,578261
21-12-10 16:39,us-east-2,arm,warm,50,158915,209657,377872,746444
21-12-10 16:51,us-east-2,arm,warm,51,,210499,362571,573070
21-12-10 17:03,us-east-2,arm,warm,52,157550,209394,354915,721859
21-12-10 17:15,us-east-2,arm,warm,53,,211294,356088,567382
21-12-10 17:27,us-east-2,arm,warm,54,160449,204827,349862,715138
21-12-10 17:39,us-east-2,arm,warm,55,,207688,357857,565545
21-12-10 17:52,us-east-2,arm,warm,56,157887,205624,363795,727306
21-12-10 18:04,us-east-2,arm,warm,57,,208588,358104,566692
21-12-10 18:16,us-east-2,arm,warm,58,158192,206792,373643,738627
21-12-10 18:28,us-east-2,arm,warm,59,,210913,369742,580655
21-12-10 18:40,us-east-2,arm,warm,60,159354,206366,368845,734565
21-12-10 18:53,us-east-2,arm,warm,61,,214129,366527,580656
21-12-10 19:05,us-east-2,arm,warm,62,158088,207662,365047,730797
21-12-10 19:17,us-east-2,arm,warm,63,,211853,372393,584246
21-12-10 19:30,us-east-2,arm,warm,64,160787,209915,379879,750581
21-12-10 19:42,us-east-2,arm,warm,65,158996,212433,372296,743725
21-12-10 19:55,us-east-2,arm,warm,66,,208202,349711,557913
21-12-10 20:07,us-east-2,arm,warm,67,158468,210630,372135,741233
21-12-10 20:19,us-east-2,arm,warm,68,,209693,350092,559785
21-12-10 20:31,us-east-2,arm,warm,69,159534,205777,364796,730107
21-12-10 20:43,us-east-2,arm,warm,70,,210673,365574,576247
21-12-10 20:56,us-east-2,arm,warm,71,158459,209422,377593,745474
21-12-10 21:08,us-east-2,arm,warm,72,,207027,360586,567613
21-12-10 21:20,us-east-2,arm,warm,73,159203,207609,360001,726813
21-12-10 21:32,us-east-2,arm,warm,74,,210799,361865,572664
21-12-10 21:44,us-east-2,arm,warm,75,158723,209163,373530,741416
21-12-10 21:57,us-east-2,arm,warm,76,,212729,368644,581373
21-12-10 22:09,us-east-2,arm,warm,77,157790,216217,381299,755306
21-12-10 22:22,us-east-2,arm,warm,78,,212073,367868,579941
21-12-10 22:34,us-east-2,arm,warm,79,158925,206617,374825,740367
21-12-10 22:47,us-east-2,arm,warm,80,,213950,374934,588884
21-12-10 22:59,us-east-2,arm,warm,81,158324,210635,353334,722293
21-12-10 23:11,us-east-2,arm,warm,82,160692,208538,357393,726623
21-12-10 23:23,us-east-2,arm,warm,83,157076,207405,356096,720577
21-12-10 23:35,us-east-2,arm,warm,84,,205518,358111,563629
21-12-10 23:47,us-east-2,arm,warm,85,159660,210627,352540,722827
21-12-10 23:59,us-east-2,arm,warm,86,,208303,359314,567617
21-12-11 00:12,us-east-2,arm,warm,87,158681,211647,375070,745398
21-12-11 00:24,us-east-2,arm,warm,88,,211674,376432,588106
21-12-11 00:36,us-east-2,arm,warm,89,158513,207153,383875,749541
21-12-11 00:49,us-east-2,arm,warm,90,,210042,353568,563610
21-12-11 01:01,us-east-2,arm,warm,91,163331,213544,382103,758978
21-12-11 01:14,us-east-2,arm,warm,92,,211422,364734,576156
21-12-11 01:26,us-east-2,arm,warm,93,162956,208393,369816,741165
21-12-11 01:38,us-east-2,arm,warm,94,159070,210421,375013,744504
21-12-11 01:51,us-east-2,arm,warm,95,,207764,357531,565295
21-12-11 02:03,us-east-2,arm,warm,96,159432,210732,375270,745434
21-12-11 02:15,us-east-2,arm,warm,97,,207216,365400,572616
21-12-11 02:28,us-east-2,arm,warm,98,157924,205175,360802,723901
21-12-11 02:40,us-east-2,arm,warm,99,,211893,366286,578179
21-12-11 02:52,us-east-2,arm,warm,100,159516,211778,361927,733221
21-12-11 03:04,us-east-2,arm,warm,101,,211298,354282,565580
21-12-11 03:16,us-east-2,arm,warm,102,158379,210240,376217,744836
21-12-11 03:29,us-east-2,arm,warm,103,,209864,370234,580098
21-12-11 03:41,us-east-2,arm,warm,104,158936,210382,368456,737774
21-12-11 03:53,us-east-2,arm,warm,105,,211844,365028,576872
21-12-11 04:06,us-east-2,arm,warm,106,159065,206309,364669,730043
21-12-11 04:18,us-east-2,arm,warm,107,,209578,367519,577097
21-12-11 04:30,us-east-2,arm,warm,108,158523,207658,367699,733880
21-12-11 04:42,us-east-2,arm,warm,109,,208609,360403,569012
21-12-11 04:55,us-east-2,arm,warm,110,158365,210643,377062,746070
21-12-11 05:07,us-east-2,arm,warm,111,,206429,348081,554510
21-12-11 05:19,us-east-2,arm,warm,112,161846,209454,359135,730435
21-12-11 05:31,us-east-2,arm,warm,113,158521,210556,372359,741436
21-12-11 05:44,us-east-2,arm,warm,114,,209354,338618,547972
21-12-11 05:55,us-east-2,arm,warm,115,158211,203908,364471,726590
21-12-11 06:08,us-east-2,arm,warm,116,,211420,361336,572756
21-12-11 06:20,us-east-2,arm,warm,117,158509,206354,351653,716516
21-12-11 06:32,us-east-2,arm,warm,118,,208199,369958,578157
21-12-11 06:44,us-east-2,arm,warm,119,158314,209132,382918,750364
21-12-11 06:57,us-east-2,arm,warm,120,,215899,361964,577863
21-12-11 07:09,us-east-2,arm,warm,121,159574,212930,382590,755094
21-12-11 07:21,us-east-2,arm,warm,122,,208774,356712,565486
21-12-11 07:34,us-east-2,arm,warm,123,161424,211992,367862,741278
21-12-11 07:46,us-east-2,arm,warm,124,,212659,376247,588906
21-12-11 07:58,us-east-2,arm,warm,125,158673,211717,375105,745495
21-12-11 08:11,us-east-2,arm,warm,126,,214997,377247,592244
21-12-11 08:23,us-east-2,arm,warm,127,158635,211114,389999,759748
21-12-11 08:36,us-east-2,arm,warm,128,,211611,362655,574266
21-12-11 08:48,us-east-2,arm,warm,129,159062,210537,380372,749971
21-12-11 09:01,us-east-2,arm,warm,130,,214513,375104,589617
21-12-11 09:13,us-east-2,arm,warm,131,158472,212608,379060,750140
21-12-11 09:26,us-east-2,arm,warm,132,,216991,371401,588392
21-12-11 09:38,us-east-2,arm,warm,133,162323,210974,377437,750734
21-12-11 09:51,us-east-2,arm,warm,134,159728,217138,386776,763642
21-12-11 10:04,us-east-2,arm,warm,135,,211065,364459,575524
21-12-11 10:16,us-east-2,arm,warm,136,158726,209897,379746,748369
21-12-11 10:28,us-east-2,arm,warm,137,,207285,371514,578799
21-12-11 10:41,us-east-2,arm,warm,138,159344,205483,377954,742781
21-12-11 10:53,us-east-2,arm,warm,139,,212776,366925,579701
21-12-11 11:06,us-east-2,arm,warm,140,158238,208992,368670,735900
21-12-11 11:18,us-east-2,arm,warm,141,,211157,372158,583315
21-12-11 11:30,us-east-2,arm,warm,142,162224,209993,368140,740357
21-12-11 11:43,us-east-2,arm,warm,143,157796,210710,364682,733188
21-12-11 11:55,us-east-2,arm,warm,144,,208327,364296,572623
21-12-11 12:07,us-east-2,arm,warm,145,158950,206860,376243,742053
21-12-11 12:19,us-east-2,arm,warm,146,,211462,366406,577868
21-12-11 12:32,us-east-2,arm,warm,147,157895,211965,375408,745268
21-12-11 12:44,us-east-2,arm,warm,148,,208403,363303,571706
21-12-11 12:56,us-east-2,arm,warm,149,157945,209987,354418,722350
21-12-11 13:08,us-east-2,arm,warm,150,,209380,370127,579507
21-12-11 13:21,us-east-2,arm,warm,151,158960,213318,376964,749242
21-12-11 13:33,us-east-2,arm,warm,152,,206049,366824,572873
21-12-11 13:46,us-east-2,arm,warm,153,160485,216309,378204,754998
21-12-11 13:58,us-east-2,arm,warm,154,,209790,363929,573719
21-12-11 14:10,us-east-2,arm,warm,155,159993,212304,375226,747523
21-12-11 14:23,us-east-2,arm,warm,156,,209031,375494,584525
21-12-11 14:35,us-east-2,arm,warm,157,159045,208488,365557,733090
21-12-11 14:48,us-east-2,arm,warm,158,,211655,365608,577263
21-12-11 15:00,us-east-2,arm,warm,159,158501,206658,372919,738078
21-12-11 15:12,us-east-2,arm,warm,160,,217737,381015,598752
21-12-11 15:25,us-east-2,arm,warm,161,158944,213621,379847,752412
21-12-11 15:37,us-east-2,arm,warm,162,161929,209646,358547,730122
21-12-11 15:50,us-east-2,arm,warm,163,158667,209721,356494,724882
21-12-11 16:02,us-east-2,arm,warm,164,,211707,371402,583109
21-12-11 16:14,us-east-2,arm,warm,165,159150,209714,360037,728901
21-12-11 16:26,us-east-2,arm,warm,166,,207431,365795,573226
21-12-11 16:39,us-east-2,arm,warm,167,158488,208891,373345,740724
21-12-11 16:51,us-east-2,arm,warm,168,,214526,362522,577048
21-12-11 17:03,us-east-2,arm,warm,169,157583,210713,367526,735822
21-12-11 17:15,us-east-2,arm,warm,170,,208477,369092,577569
21-12-11 17:28,us-east-2,arm,warm,171,158860,206128,364267,729255
21-12-11 17:40,us-east-2,arm,warm,172,159939,208331,365111,733381
21-12-11 17:52,us-east-2,arm,warm,173,,213637,364163,577800
21-12-11 18:04,us-east-2,arm,warm,174,158675,208817,379388,746880
21-12-11 18:17,us-east-2,arm,warm,175,,210809,371620,582429
21-12-11 18:29,us-east-2,arm,warm,176,158403,207989,378634,745026
21-12-11 18:42,us-east-2,arm,warm,177,,214118,362794,576912
21-12-11 18:54,us-east-2,arm,warm,178,158223,210304,347175,715702
21-12-11 19:06,us-east-2,arm,warm,179,,213199,341160,554359
21-12-10 06:11,us-east-2,x86,cold,0,179715,175030,393077,747822
21-12-10 06:23,us-east-2,x86,cold,1,180004,175502,371065,726571
21-12-10 06:36,us-east-2,x86,cold,2,178673,170875,374614,724162
21-12-10 06:48,us-east-2,x86,cold,3,183545,172682,376676,732903
21-12-10 07:00,us-east-2,x86,cold,4,178433,179291,382719,740443
21-12-10 07:13,us-east-2,x86,cold,5,178389,174077,377468,729934
21-12-10 07:25,us-east-2,x86,cold,6,177653,178711,422782,779146
21-12-10 07:38,us-east-2,x86,cold,7,179405,171558,336949,687912
21-12-10 07:50,us-east-2,x86,cold,8,175786,178244,465116,819146
21-12-10 08:04,us-east-2,x86,cold,9,178053,178141,377462,733656
21-12-10 08:16,us-east-2,x86,cold,10,183410,175977,361563,720950
21-12-10 08:28,us-east-2,x86,cold,11,182861,178751,506561,868173
21-12-10 08:43,us-east-2,x86,cold,12,181262,180142,386956,748360
21-12-10 08:56,us-east-2,x86,cold,13,173534,178672,379611,731817
21-12-10 09:08,us-east-2,x86,cold,14,181523,175110,377987,734620
21-12-10 09:20,us-east-2,x86,cold,15,183729,177179,394085,754993
21-12-10 09:33,us-east-2,x86,cold,16,181661,172789,423509,777959
21-12-10 09:46,us-east-2,x86,cold,17,184393,179895,421028,785316
21-12-10 09:59,us-east-2,x86,cold,18,183432,178292,478989,840713
21-12-10 10:14,us-east-2,x86,cold,19,179423,174488,386993,740904
21-12-10 10:26,us-east-2,x86,cold,20,176611,176750,363595,716956
21-12-10 10:38,us-east-2,x86,cold,21,179222,179642,373331,732195
21-12-10 11:04,us-east-2,x86,cold,22,196861,172858,522586,892305
21-12-10 11:19,us-east-2,x86,cold,23,182186,177633,384298,744117
21-12-10 11:32,us-east-2,x86,cold,24,179326,181347,379978,740651
21-12-10 11:44,us-east-2,x86,cold,25,181182,175643,392712,749537
21-12-10 11:57,us-east-2,x86,cold,26,180405,177066,400542,758013
21-12-10 12:10,us-east-2,x86,cold,27,180618,175692,385535,741845
21-12-10 12:22,us-east-2,x86,cold,28,181686,173435,387691,742812
21-12-10 12:35,us-east-2,x86,cold,29,181323,179538,374532,735393
21-12-10 12:47,us-east-2,x86,cold,30,180498,173799,409124,763421
21-12-10 13:00,us-east-2,x86,cold,31,180483,175321,371692,727496
21-12-10 13:12,us-east-2,x86,cold,32,181664,179510,444775,805949
21-12-10 13:26,us-east-2,x86,cold,33,181586,176066,392456,750108
21-12-10 13:39,us-east-2,x86,cold,34,181412,170563,368215,720190
21-12-10 13:51,us-east-2,x86,cold,35,181698,176868,387670,746236
21-12-10 14:03,us-east-2,x86,cold,36,177680,182388,375789,735857
21-12-10 14:16,us-east-2,x86,cold,37,177855,177256,365231,720342
21-12-10 14:28,us-east-2,x86,cold,38,180502,175100,390763,746365
21-12-10 14:41,us-east-2,x86,cold,39,180165,176835,385232,742232
21-12-10 14:53,us-east-2,x86,cold,40,182342,174650,387127,744119
21-12-10 15:06,us-east-2,x86,cold,41,182098,178074,385889,746061
21-12-10 15:18,us-east-2,x86,cold,42,181510,177282,366855,725647
21-12-10 15:31,us-east-2,x86,cold,43,177205,178970,378368,734543
21-12-10 15:43,us-east-2,x86,cold,44,180502,179650,393597,753749
21-12-10 15:56,us-east-2,x86,cold,45,180782,175672,421232,777686
21-12-10 16:09,us-east-2,x86,cold,46,178065,178608,414973,771646
21-12-10 16:22,us-east-2,x86,cold,47,181419,175254,444988,801661
21-12-10 16:35,us-east-2,x86,cold,48,180357,174339,383986,738682
21-12-10 16:48,us-east-2,x86,cold,49,179140,177209,394246,750595
21-12-10 17:00,us-east-2,x86,cold,50,181821,177747,379388,738956
21-12-10 17:13,us-east-2,x86,cold,51,179672,177354,357748,714774
21-12-10 17:25,us-east-2,x86,cold,52,183277,176864,466094,826235
21-12-10 17:39,us-east-2,x86,cold,53,179639,180760,389188,749587
21-12-10 17:52,us-east-2,x86,cold,54,179513,177248,430079,786840
21-12-10 18:05,us-east-2,x86,cold,55,180920,180252,407369,768541
21-12-10 18:18,us-east-2,x86,cold,56,182180,175451,402164,759795
21-12-10 18:31,us-east-2,x86,cold,57,179709,178900,349753,708362
21-12-10 18:43,us-east-2,x86,cold,58,179687,173604,391998,745289
21-12-10 18:55,us-east-2,x86,cold,59,182847,180153,564975,927975
21-12-10 19:11,us-east-2,x86,cold,60,180902,173942,381810,736654
21-12-10 19:23,us-east-2,x86,cold,61,189089,175849,384418,749356
21-12-10 19:36,us-east-2,x86,cold,62,178819,179705,390480,749004
21-12-10 19:49,us-east-2,x86,cold,63,180576,177827,384806,743209
21-12-10 20:01,us-east-2,x86,cold,64,179148,174259,397839,751246
21-12-10 20:14,us-east-2,x86,cold,65,179191,179839,388484,747514
21-12-10 20:26,us-east-2,x86,cold,66,182101,178113,408900,769114
21-12-10 20:39,us-east-2,x86,cold,67,182508,178495,375845,736848
21-12-10 20:52,us-east-2,x86,cold,68,183967,175877,388697,748541
21-12-10 21:05,us-east-2,x86,cold,69,189115,182746,389606,761467
21-12-10 21:17,us-east-2,x86,cold,70,182472,179592,503722,865786
21-12-10 21:32,us-east-2,x86,cold,71,180973,182955,387591,751519
21-12-10 21:45,us-east-2,x86,cold,72,179878,180360,464452,824690
21-12-10 21:59,us-east-2,x86,cold,73,181501,173892,386717,742110
21-12-10 22:11,us-east-2,x86,cold,74,181894,179954,393725,755573
21-12-10 22:24,us-east-2,x86,cold,75,180738,181585,468829,831152
21-12-10 22:38,us-east-2,x86,cold,76,180361,191087,467633,839081
21-12-10 22:52,us-east-2,x86,cold,77,183470,175339,392067,750876
21-12-10 23:05,us-east-2,x86,cold,78,182775,175858,415724,774357
21-12-10 23:18,us-east-2,x86,cold,79,185515,173730,405858,765103
21-12-10 23:31,us-east-2,x86,cold,80,180981,179675,449084,809740
21-12-10 23:44,us-east-2,x86,cold,81,180189,177880,397547,755616
21-12-10 23:57,us-east-2,x86,cold,82,176887,180082,452329,809298
21-12-11 00:11,us-east-2,x86,cold,83,178453,176926,390297,745676
21-12-11 00:23,us-east-2,x86,cold,84,180978,176295,439999,797272
21-12-11 00:37,us-east-2,x86,cold,85,179983,177214,379727,736924
21-12-11 00:49,us-east-2,x86,cold,86,182591,174879,462594,820064
21-12-11 01:03,us-east-2,x86,cold,87,181265,175656,382268,739189
21-12-11 01:16,us-east-2,x86,cold,88,184728,176296,396866,757890
21-12-11 01:28,us-east-2,x86,cold,89,179233,176480,365544,721257
21-12-11 01:40,us-east-2,x86,cold,90,177529,175048,345984,698561
21-12-11 01:52,us-east-2,x86,cold,91,177762,181046,369788,728596
21-12-11 02:05,us-east-2,x86,cold,92,178441,174825,363482,716748
21-12-11 02:17,us-east-2,x86,cold,93,181027,186983,365474,733484
21-12-11 02:29,us-east-2,x86,cold,94,180893,174841,369351,725085
21-12-11 02:41,us-east-2,x86,cold,95,178337,176280,373451,728068
21-12-11 02:54,us-east-2,x86,cold,96,174218,169285,381323,724826
21-12-11 03:06,us-east-2,x86,cold,97,177976,175870,392772,746618
21-12-11 03:18,us-east-2,x86,cold,98,175117,176398,350091,701606
21-12-11 03:30,us-east-2,x86,cold,99,175921,176397,371882,724200
21-12-11 03:42,us-east-2,x86,cold,100,177035,175264,447764,800063
21-12-11 03:56,us-east-2,x86,cold,101,179361,174626,395008,748995
21-12-11 04:09,us-east-2,x86,cold,102,178534,178843,347145,704522
21-12-11 04:21,us-east-2,x86,cold,103,179470,180357,381540,741367
21-12-11 04:33,us-east-2,x86,cold,104,182809,176010,393795,752614
21-12-11 04:46,us-east-2,x86,cold,105,180471,175361,398623,754455
21-12-11 04:58,us-east-2,x86,cold,106,180227,176577,382939,739743
21-12-11 05:11,us-east-2,x86,cold,107,182274,175250,355739,713263
21-12-11 05:23,us-east-2,x86,cold,108,178281,176592,397588,752461
21-12-11 05:36,us-east-2,x86,cold,109,179627,178134,375594,733355
21-12-11 05:48,us-east-2,x86,cold,110,179807,179869,360009,719685
21-12-11 06:00,us-east-2,x86,cold,111,179704,175228,391080,746012
21-12-11 06:13,us-east-2,x86,cold,112,180467,172895,351608,704970
21-12-11 06:25,us-east-2,x86,cold,113,180025,176881,358545,715451
21-12-11 06:37,us-east-2,x86,cold,114,182634,176508,339802,698944
21-12-11 06:49,us-east-2,x86,cold,115,179389,177126,381650,738165
21-12-11 07:01,us-east-2,x86,cold,116,183949,175386,334465,693800
21-12-11 07:13,us-east-2,x86,cold,117,179530,176822,390923,747275
21-12-11 07:25,us-east-2,x86,cold,118,177140,176156,377581,730877
21-12-11 07:38,us-east-2,x86,cold,119,179787,176646,380480,736913
21-12-11 07:50,us-east-2,x86,cold,120,180252,173366,368628,722246
21-12-11 08:02,us-east-2,x86,cold,121,179413,176901,356627,712941
21-12-11 08:14,us-east-2,x86,cold,122,184570,179785,362808,727163
21-12-11 08:27,us-east-2,x86,cold,123,178498,172704,454582,805784
21-12-11 08:40,us-east-2,x86,cold,124,177180,178952,378810,734942
21-12-11 08:53,us-east-2,x86,cold,125,180737,173583,366250,720570
21-12-11 09:05,us-east-2,x86,cold,126,179780,176664,425715,782159
21-12-11 09:18,us-east-2,x86,cold,127,184739,180733,380045,745517
21-12-11 09:31,us-east-2,x86,cold,128,181723,182417,390797,754937
21-12-11 09:43,us-east-2,x86,cold,129,183159,175654,504572,863385
21-12-11 09:58,us-east-2,x86,cold,130,183289,176752,378235,738276
21-12-11 10:10,us-east-2,x86,cold,131,182528,182545,360253,725326
21-12-11 10:23,us-east-2,x86,cold,132,180030,178093,394293,752416
21-12-11 10:35,us-east-2,x86,cold,133,179031,172945,363235,715211
21-12-11 10:47,us-east-2,x86,cold,134,181706,175362,469986,827054
21-12-11 11:01,us-east-2,x86,cold,135,182815,179180,402470,764465
21-12-11 11:14,us-east-2,x86,cold,136,182683,178510,466506,827699
21-12-11 11:28,us-east-2,x86,cold,137,180115,178085,466672,824872
21-12-11 11:42,us-east-2,x86,cold,138,183725,182237,403646,769608
21-12-11 11:55,us-east-2,x86,cold,139,180258,172999,400533,753790
21-12-11 12:08,us-east-2,x86,cold,140,181821,179294,362238,723353
21-12-11 12:20,us-east-2,x86,cold,141,178165,176855,346592,701612
21-12-11 12:32,us-east-2,x86,cold,142,179271,176128,383037,738436
21-12-11 12:44,us-east-2,x86,cold,143,180489,175570,388941,745000
21-12-11 12:57,us-east-2,x86,cold,144,182569,178083,483192,843844
21-12-11 13:11,us-east-2,x86,cold,145,180333,176980,506546,863859
21-12-11 13:26,us-east-2,x86,cold,146,182659,179575,376615,738849
21-12-11 13:38,us-east-2,x86,cold,147,179147,180609,363775,723531
21-12-11 13:50,us-east-2,x86,cold,148,177955,178111,365163,721229
21-12-11 14:03,us-east-2,x86,cold,149,180483,170599,389290,740372
21-12-11 14:15,us-east-2,x86,cold,150,184646,178892,370591,734129
21-12-11 14:27,us-east-2,x86,cold,151,181702,180299,403124,765125
21-12-11 14:40,us-east-2,x86,cold,152,183284,175965,506484,865733
21-12-11 14:55,us-east-2,x86,cold,153,183040,183752,474726,841518
21-12-11 15:09,us-east-2,x86,cold,154,186778,181301,491800,859879
21-12-11 15:24,us-east-2,x86,cold,155,189676,196830,458131,844637
21-12-11 15:38,us-east-2,x86,cold,156,211495,176500,404860,792855
21-12-11 15:51,us-east-2,x86,cold,157,182621,179338,400180,762139
21-12-11 16:04,us-east-2,x86,cold,158,179317,179102,397366,755785
21-12-11 16:17,us-east-2,x86,cold,159,180295,178103,391824,750222
21-12-11 16:30,us-east-2,x86,cold,160,180200,178387,392307,750894
21-12-11 16:42,us-east-2,x86,cold,161,177838,191657,450224,819719
21-12-11 16:56,us-east-2,x86,cold,162,179329,174080,400523,753932
21-12-11 17:09,us-east-2,x86,cold,163,177370,175543,402714,755627
21-12-11 17:22,us-east-2,x86,cold,164,179659,179724,389842,749225
21-12-11 17:34,us-east-2,x86,cold,165,178067,178198,377085,733350
21-12-11 17:47,us-east-2,x86,cold,166,179662,178819,466137,824618
21-12-11 18:01,us-east-2,x86,cold,167,184349,184806,384349,753504
21-12-11 18:13,us-east-2,x86,cold,168,184588,181752,399577,765917
21-12-11 18:26,us-east-2,x86,cold,169,178331,177638,418954,774923
21-12-11 18:39,us-east-2,x86,cold,170,184244,174533,369323,728100
21-12-11 18:52,us-east-2,x86,cold,171,181127,171607,382211,734945
21-12-11 19:04,us-east-2,x86,cold,172,180902,185345,425894,792141
21-12-10 06:11,us-east-2,x86,warm,0,179394,181120,387484,747998
21-12-10 06:23,us-east-2,x86,warm,1,175567,180475,380085,736127
21-12-10 06:36,us-east-2,x86,warm,2,,174594,366666,541260
21-12-10 06:47,us-east-2,x86,warm,3,175153,175856,371854,722863
21-12-10 07:00,us-east-2,x86,warm,4,,176064,387126,563190
21-12-10 07:12,us-east-2,x86,warm,5,176974,177337,450900,805211
21-12-10 07:25,us-east-2,x86,warm,6,,177670,466678,644348
21-12-10 07:39,us-east-2,x86,warm,7,183162,176175,495475,854812
21-12-10 07:53,us-east-2,x86,warm,8,,178776,468211,646987
21-12-10 08:07,us-east-2,x86,warm,9,179412,175832,385412,740656
21-12-10 08:20,us-east-2,x86,warm,10,176637,172187,471252,820076
21-12-10 08:33,us-east-2,x86,warm,11,,173811,484672,658483
21-12-10 08:47,us-east-2,x86,warm,12,178459,171875,389127,739461
21-12-10 09:00,us-east-2,x86,warm,13,,173505,393034,566539
21-12-10 09:12,us-east-2,x86,warm,14,179055,180329,403217,762601
21-12-10 09:25,us-east-2,x86,warm,15,,174178,397857,572035
21-12-10 09:37,us-east-2,x86,warm,16,177189,173315,402431,752935
21-12-10 09:50,us-east-2,x86,warm,17,,179754,428625,608379
21-12-10 10:03,us-east-2,x86,warm,18,182117,177071,424895,784083
21-12-10 10:16,us-east-2,x86,warm,19,,177784,403823,581607
21-12-10 10:29,us-east-2,x86,warm,20,178572,176007,400320,754899
21-12-10 10:41,us-east-2,x86,warm,21,,178094,492756,670850
21-12-10 11:04,us-east-2,x86,warm,22,190066,178975,486221,855262
21-12-10 11:18,us-east-2,x86,warm,23,,177155,413172,590327
21-12-10 11:31,us-east-2,x86,warm,24,179969,176316,402161,758446
21-12-10 11:44,us-east-2,x86,warm,25,181582,176468,389367,747417
21-12-10 11:57,us-east-2,x86,warm,26,178599,174976,426702,780277
21-12-10 12:10,us-east-2,x86,warm,27,,176621,422708,599329
21-12-10 12:23,us-east-2,x86,warm,28,179967,173964,401774,755705
21-12-10 12:35,us-east-2,x86,warm,29,,175513,408665,584178
21-12-10 12:48,us-east-2,x86,warm,30,175911,173281,410392,759584
21-12-10 13:01,us-east-2,x86,warm,31,,174769,373229,547998
21-12-10 13:13,us-east-2,x86,warm,32,180149,175936,382516,738601
21-12-10 13:25,us-east-2,x86,warm,33,,175173,397501,572674
21-12-10 13:38,us-east-2,x86,warm,34,178966,173444,419309,771719
21-12-10 13:51,us-east-2,x86,warm,35,178920,175472,415919,770311
21-12-10 14:03,us-east-2,x86,warm,36,174803,181090,410716,766609
21-12-10 14:16,us-east-2,x86,warm,37,,186525,408144,594669
21-12-10 14:29,us-east-2,x86,warm,38,180412,177985,396396,754793
21-12-10 14:42,us-east-2,x86,warm,39,,177374,403957,581331
21-12-10 14:54,us-east-2,x86,warm,40,177626,181811,406470,765907
21-12-10 15:07,us-east-2,x86,warm,41,,177234,394879,572113
21-12-10 15:20,us-east-2,x86,warm,42,177573,172237,385053,734863
21-12-10 15:32,us-east-2,x86,warm,43,,172079,381197,553276
21-12-10 15:44,us-east-2,x86,warm,44,176136,174817,387945,738898
21-12-10 15:57,us-east-2,x86,warm,45,179263,174811,403959,758033
21-12-10 16:09,us-east-2,x86,warm,46,,175086,404905,579991
21-12-10 16:22,us-east-2,x86,warm,47,179388,170817,448464,798669
21-12-10 16:35,us-east-2,x86,warm,48,,174423,465629,640052
21-12-10 16:49,us-east-2,x86,warm,49,178565,173427,481506,833498
21-12-10 17:03,us-east-2,x86,warm,50,,178906,470439,649345
21-12-10 17:17,us-east-2,x86,warm,51,185093,173114,472604,830811
21-12-10 17:31,us-east-2,x86,warm,52,,174575,464397,638972
21-12-10 17:44,us-east-2,x86,warm,53,179777,174571,467139,821487
21-12-10 17:58,us-east-2,x86,warm,54,,178091,393819,571910
21-12-10 18:11,us-east-2,x86,warm,55,180757,173091,403321,757169
21-12-10 18:23,us-east-2,x86,warm,56,,181119,386976,568095
21-12-10 18:36,us-east-2,x86,warm,57,179529,176931,426568,783028
21-12-10 18:49,us-east-2,x86,warm,58,,179095,509702,688797
21-12-10 19:03,us-east-2,x86,warm,59,185710,179991,518825,884526
21-12-10 19:18,us-east-2,x86,warm,60,,178787,462458,641245
21-12-10 19:32,us-east-2,x86,warm,61,182524,175548,457639,815711
21-12-10 19:46,us-east-2,x86,warm,62,,178520,456321,634841
21-12-10 19:59,us-east-2,x86,warm,63,179071,177473,460627,817171
21-12-10 20:13,us-east-2,x86,warm,64,179201,175332,399624,754157
21-12-10 20:25,us-east-2,x86,warm,65,176803,176323,406782,759908
21-12-10 20:38,us-east-2,x86,warm,66,,179760,400819,580579
21-12-10 20:51,us-east-2,x86,warm,67,180520,176519,408694,765733
21-12-10 21:04,us-east-2,x86,warm,68,,175134,417450,592584
21-12-10 21:16,us-east-2,x86,warm,69,182762,177066,428968,788796
21-12-10 21:30,us-east-2,x86,warm,70,,176004,408533,584537
21-12-10 21:42,us-east-2,x86,warm,71,182001,173139,413169,768309
21-12-10 21:55,us-east-2,x86,warm,72,,181741,421975,603716
21-12-10 22:08,us-east-2,x86,warm,73,180211,169989,426026,776226
21-12-10 22:21,us-east-2,x86,warm,74,,178390,415352,593742
21-12-10 22:34,us-east-2,x86,warm,75,180351,177553,393192,751096
21-12-10 22:47,us-east-2,x86,warm,76,,177526,383447,560973
21-12-10 22:59,us-east-2,x86,warm,77,178565,171763,397060,747388
21-12-10 23:12,us-east-2,x86,warm,78,,180067,368842,548909
21-12-10 23:24,us-east-2,x86,warm,79,178835,177353,364216,720404
21-12-10 23:36,us-east-2,x86,warm,80,,175644,356315,531959
21-12-10 23:48,us-east-2,x86,warm,81,183163,176182,356967,716312
21-12-11 00:00,us-east-2,x86,warm,82,185214,173870,387189,746273
21-12-11 00:12,us-east-2,x86,warm,83,182746,178499,380951,742196
21-12-11 00:25,us-east-2,x86,warm,84,,179436,367910,547346
21-12-11 00:37,us-east-2,x86,warm,85,182190,177537,386855,746582
21-12-11 00:49,us-east-2,x86,warm,86,,175004,380926,555930
21-12-11 01:02,us-east-2,x86,warm,87,178126,170795,374293,723214
21-12-11 01:14,us-east-2,x86,warm,88,180614,176821,402502,759937
21-12-11 01:26,us-east-2,x86,warm,89,176683,177244,408583,762510
21-12-11 01:39,us-east-2,x86,warm,90,,178514,401963,580477
21-12-11 01:52,us-east-2,x86,warm,91,182360,177084,402019,761463
21-12-11 02:04,us-east-2,x86,warm,92,,176308,389364,565672
21-12-11 02:17,us-east-2,x86,warm,93,177492,175040,393561,746093
21-12-11 02:29,us-east-2,x86,warm,94,,174320,406988,581308
21-12-11 02:42,us-east-2,x86,warm,95,178148,175848,411216,765212
21-12-11 02:55,us-east-2,x86,warm,96,,177133,403875,581008
21-12-11 03:08,us-east-2,x86,warm,97,177773,174744,389509,742026
21-12-11 03:20,us-east-2,x86,warm,98,,174692,397885,572577
21-12-11 03:32,us-east-2,x86,warm,99,178767,169709,403234,751710
21-12-11 03:45,us-east-2,x86,warm,100,,182555,390432,572987
21-12-11 03:58,us-east-2,x86,warm,101,176545,176361,410558,763464
21-12-11 04:10,us-east-2,x86,warm,102,,173719,387126,560845
21-12-11 04:23,us-east-2,x86,warm,103,173923,169895,398944,742762
21-12-11 04:35,us-east-2,x86,warm,104,,178097,402085,580182
21-12-11 04:48,us-east-2,x86,warm,105,176330,170994,400336,747660
21-12-11 05:00,us-east-2,x86,warm,106,180550,173784,393058,747392
21-12-11 05:13,us-east-2,x86,warm,107,177150,178447,380834,736431
21-12-11 05:25,us-east-2,x86,warm,108,,177160,392112,569272
21-12-11 05:37,us-east-2,x86,warm,109,182599,174404,381711,738714
21-12-11 05:50,us-east-2,x86,warm,110,,175111,383071,558182
21-12-11 06:02,us-east-2,x86,warm,111,178483,174618,388194,741295
21-12-11 06:14,us-east-2,x86,warm,112,,177417,373721,551138
21-12-11 06:27,us-east-2,x86,warm,113,177565,172560,368913,719038
21-12-11 06:39,us-east-2,x86,warm,114,,178443,369162,547605
21-12-11 06:51,us-east-2,x86,warm,115,183076,174729,388433,746238
21-12-11 07:03,us-east-2,x86,warm,116,180044,173184,387368,740596
21-12-11 07:16,us-east-2,x86,warm,117,,175053,378507,553560
21-12-11 07:28,us-east-2,x86,warm,118,174813,175055,365438,715306
21-12-11 07:40,us-east-2,x86,warm,119,,175239,376701,551940
21-12-11 07:52,us-east-2,x86,warm,120,176194,176775,387040,740009
21-12-11 08:04,us-east-2,x86,warm,121,,179795,454707,634502
21-12-11 08:18,us-east-2,x86,warm,122,183029,179796,460346,823171
21-12-11 08:32,us-east-2,x86,warm,123,,181086,406440,587526
21-12-11 08:44,us-east-2,x86,warm,124,181682,179571,395234,756487
21-12-11 08:57,us-east-2,x86,warm,125,,176444,451495,627939
21-12-11 09:11,us-east-2,x86,warm,126,180838,176815,469434,827087
21-12-11 09:24,us-east-2,x86,warm,127,,175939,453081,629020
21-12-11 09:38,us-east-2,x86,warm,128,185202,178436,490468,854106
21-12-11 09:52,us-east-2,x86,warm,129,,176479,481137,657616
21-12-11 10:06,us-east-2,x86,warm,130,178605,176781,468746,824132
21-12-11 10:20,us-east-2,x86,warm,131,,177256,444383,621639
21-12-11 10:33,us-east-2,x86,warm,132,181182,177134,429361,787677
21-12-11 10:47,us-east-2,x86,warm,133,181530,182417,459242,823189
21-12-11 11:00,us-east-2,x86,warm,134,,175059,450831,625890
21-12-11 11:14,us-east-2,x86,warm,135,178808,175921,439222,793951
21-12-11 11:27,us-east-2,x86,warm,136,,173540,446846,620386
21-12-11 11:40,us-east-2,x86,warm,137,179102,175617,451436,806155
21-12-11 11:54,us-east-2,x86,warm,138,,176291,447788,624079
21-12-11 12:07,us-east-2,x86,warm,139,183250,174915,457808,815973
21-12-11 12:21,us-east-2,x86,warm,140,183264,176340,426963,786567
21-12-11 12:34,us-east-2,x86,warm,141,182598,179667,458948,821213
21-12-11 12:48,us-east-2,x86,warm,142,,183554,495959,679513
21-12-11 13:02,us-east-2,x86,warm,143,181550,181516,514915,877981
21-12-11 13:17,us-east-2,x86,warm,144,,178700,453447,632147
21-12-11 13:30,us-east-2,x86,warm,145,179724,174535,378154,732413
21-12-11 13:43,us-east-2,x86,warm,146,,176528,385326,561854
21-12-11 13:55,us-east-2,x86,warm,147,179735,174864,389672,744271
21-12-11 14:08,us-east-2,x86,warm,148,183757,170631,418522,772910
21-12-11 14:20,us-east-2,x86,warm,149,,177496,402585,580081
21-12-11 14:33,us-east-2,x86,warm,150,180361,175845,416350,772556
21-12-11 14:46,us-east-2,x86,warm,151,,177913,489715,667628
21-12-11 15:00,us-east-2,x86,warm,152,200778,212762,588206,1001746
21-12-11 15:17,us-east-2,x86,warm,153,,182769,540896,723665
21-12-11 15:32,us-east-2,x86,warm,154,191575,180129,527870,899574
21-12-11 15:47,us-east-2,x86,warm,155,181864,181254,398449,761567
21-12-11 16:00,us-east-2,x86,warm,156,175454,180487,382662,738603
21-12-11 16:12,us-east-2,x86,warm,157,,179284,450255,629539
21-12-11 16:26,us-east-2,x86,warm,158,181140,178226,464382,823748
21-12-11 16:39,us-east-2,x86,warm,159,,177984,497050,675034
21-12-11 16:54,us-east-2,x86,warm,160,180019,182168,503120,865307
21-12-11 17:08,us-east-2,x86,warm,161,,179486,451753,631239
21-12-11 17:22,us-east-2,x86,warm,162,177291,173188,438577,789056
21-12-11 17:35,us-east-2,x86,warm,163,,174640,438325,612965
21-12-11 17:48,us-east-2,x86,warm,164,180289,173359,451134,804782
21-12-11 18:02,us-east-2,x86,warm,165,178327,175238,453265,806830
21-12-11 18:15,us-east-2,x86,warm,166,,175591,385928,561519
21-12-11 18:27,us-east-2,x86,warm,167,174928,177266,366203,718397
21-12-11 18:39,us-east-2,x86,warm,168,,175754,372496,548250
21-12-11 18:52,us-east-2,x86,warm,169,174064,176326,384863,735253
21-12-11 19:04,us-east-2,x86,warm,170,,179560,502749,682309
